James,Butt,6649 N Blue Gum St,New Orleans,LA,70116
Josephine,Darakjy,4 B Blue Ridge Blvd,Brighton,MI,48116
Art,Venere,8 W Cerritos Ave #54,Bridgeport,NJ,8014
Lenna,Paprocki,639 Main St,Anchorage,AK,99501
Donette,Foller,34 Center St,Hamilton,OH,45011
Simona,Morasca,3 Mcauley Dr,Ashland,OH,44805
Mitsue,Tollner,7 Eads St,Chicago,IL,60632
Leota,Dilliard,7 W Jackson Blvd,San Jose,CA,95111
Sage,Wieser,5 Boston Ave #88,Sioux Falls,SD,57105
Kris,Marrier,228 Runamuck Pl #2808,Baltimore,MD,21224
Minna,Amigon,2371 Jerrold Ave,Kulpsville,PA,19443
Abel,Maclead,37275 St  Rt 17m M,Middle Island,NY,11953
Kiley,Caldarera,25 E 75th St #69,Los Angeles,CA,90034